{
  "f1": 0.9957446808510638,
  "accuracy": 0.9957337883959044,
  "precision": 0.9932088285229203,
  "recall": 0.9982935153583617,
  "auc": 0.9987026639797785,
  "confusion_matrix": [
    [
      582,
      4
    ],
    [
      1,
      585
    ]
  ],
  "cv": {
    "accuracy": {
      "mean": 0.9920676816069633,
      "std": 0.008458043555227512,
      "min": 0.9757033248081841,
      "max": 0.998719590268886
    },
    "f1": {
      "mean": 0.9919933734438449,
      "std": 0.008618554597675123,
      "min": 0.9752925877763329,
      "max": 0.998719590268886
    },
    "precision": {
      "mean": 0.9938247364439746,
      "std": 0.0026274138436040285,
      "min": 0.989821882951654,
      "max": 0.9974424552429667
    },
    "recall": {
      "mean": 0.9902800183618599,
      "std": 0.01571530180829928,
      "min": 0.959079283887468,
      "max": 1.0
    },
    "roc_auc": {
      "mean": 0.9991905485731403,
      "std": 0.0009007679768025223,
      "min": 0.9978676225299417,
      "max": 1.0
    }
  }
}