{
  "f1": 0.9938176197836167,
  "accuracy": 0.9937791601866252,
  "precision": 0.9877112135176651,
  "recall": 1.0,
  "auc": 0.9981690607547727,
  "confusion_matrix": [
    [
      635,
      8
    ],
    [
      0,
      643
    ]
  ],
  "cv": {
    "accuracy": {
      "mean": 0.9948668989509131,
      "std": 0.001583129755376723,
      "min": 0.9929988331388565,
      "max": 0.9976662777129521
    },
    "f1": {
      "mean": 0.9948831542773962,
      "std": 0.001572793301895296,
      "min": 0.9930394431554525,
      "max": 0.9976689976689976
    },
    "precision": {
      "mean": 0.9921241389893568,
      "std": 0.0031130375465998924,
      "min": 0.9884526558891455,
      "max": 0.9953488372093023
    },
    "recall": {
      "mean": 0.9976689976689977,
      "std": 0.002553485116574196,
      "min": 0.993006993006993,
      "max": 1.0
    },
    "roc_auc": {
      "mean": 0.9984346399956492,
      "std": 0.0010145745231189107,
      "min": 0.9970372306820905,
      "max": 1.0
    }
  }
}