{
  "f1": 0.9996744664505124,
  "accuracy": 0.9996745215466736,
  "precision": 0.9998437174411335,
  "recall": 0.9995052727509439,
  "auc": 0.9999959493378062,
  "confusion_matrix": [
    [
      38399,
      6
    ],
    [
      19,
      38386
    ]
  ],
  "cv": {
    "accuracy": {
      "mean": 0.9995820817504653,
      "std": 0.0004018609454434391,
      "min": 0.9987892043901105,
      "max": 0.9999023570996153
    },
    "f1": {
      "mean": 0.9995817720939073,
      "std": 0.0004024333615618539,
      "min": 0.9987877365868919,
      "max": 0.9999023456573114
    },
    "precision": {
      "mean": 0.9998984356673002,
      "std": 9.110344466512353e-05,
      "min": 0.9997656524626021,
      "max": 1.0
    },
    "recall": {
      "mean": 0.9992657144055024,
      "std": 0.0008483407291996394,
      "min": 0.9975784087802211,
      "max": 0.9998047103855017
    },
    "roc_auc": {
      "mean": 0.9999927386747632,
      "std": 8.560173450287066e-06,
      "min": 0.9999814786453962,
      "max": 0.9999998962686003
    }
  }
}