{
  "f1": 0.9994312239693228,
  "accuracy": 0.9994311091536372,
  "precision": 0.9992295557104597,
  "recall": 0.9996329736475079,
  "auc": 0.9998699256235901,
  "confusion_matrix": [
    [
      27225,
      21
    ],
    [
      10,
      27236
    ]
  ],
  "cv": {
    "accuracy": {
      "mean": 0.9990971003208658,
      "std": 0.0007790706397266662,
      "min": 0.997632614859471,
      "max": 0.999669676282757
    },
    "f1": {
      "mean": 0.9990963499601333,
      "std": 0.0007806279221843697,
      "min": 0.9976286328792808,
      "max": 0.9996697853604843
    },
    "precision": {
      "mean": 0.9992510777285851,
      "std": 0.0001075366771765266,
      "min": 0.999118845687851,
      "max": 0.9993397887323944
    },
    "recall": {
      "mean": 0.9989429641048228,
      "std": 0.0015797319034979824,
      "min": 0.9959260074873376,
      "max": 1.0
    },
    "roc_auc": {
      "mean": 0.9997610468867038,
      "std": 0.0002079587391628392,
      "min": 0.9994337086878945,
      "max": 0.9999905459847485
    }
  }
}