{
  "f1": 0.9956029611308634,
  "accuracy": 0.9955956610379444,
  "precision": 0.9939469803491203,
  "recall": 0.9972644690661344,
  "auc": 0.9999255766869939,
  "confusion_matrix": [
    [
      57772,
      353
    ],
    [
      159,
      57965
    ]
  ],
  "cv": {
    "accuracy": {
      "mean": 0.9763044278864784,
      "std": 0.031113644423902208,
      "min": 0.9157161290322581,
      "max": 0.9966193112169189
    },
    "f1": {
      "mean": 0.9747818314280632,
      "std": 0.03393743296292786,
      "min": 0.908479515776495,
      "max": 0.9966303117604692
    },
    "precision": {
      "mean": 0.9933700199649215,
      "std": 0.0016465184947316485,
      "min": 0.9916301927359288,
      "max": 0.996193845823952
    },
    "recall": {
      "mean": 0.9590503211154668,
      "std": 0.06320044774133873,
      "min": 0.8366451612903226,
      "max": 0.9998967715295879
    },
    "roc_auc": {
      "mean": 0.9985288142499072,
      "std": 0.0018054566357904257,
      "min": 0.9958637968782518,
      "max": 0.999987614581521
    }
  }
}