{
  "f1": 0.9998179501183324,
  "accuracy": 0.9998179169701383,
  "precision": 0.9996359665089188,
  "recall": 1.0,
  "auc": 0.999999867383081,
  "confusion_matrix": [
    [
      2745,
      1
    ],
    [
      0,
      2746
    ]
  ],
  "cv": {
    "accuracy": {
      "mean": 0.9985249782450673,
      "std": 0.0017327131135688695,
      "min": 0.9950833105708823,
      "max": 0.9997267759562841
    },
    "f1": {
      "mean": 0.9985206144064394,
      "std": 0.0017419196313182797,
      "min": 0.9950603732162459,
      "max": 0.9997268505872713
    },
    "precision": {
      "mean": 0.9991268158393763,
      "std": 0.0005561833241257703,
      "min": 0.9983642311886587,
      "max": 1.0
    },
    "recall": {
      "mean": 0.9979245716605039,
      "std": 0.003883403878171839,
      "min": 0.9901693063899508,
      "max": 1.0
    },
    "roc_auc": {
      "mean": 0.9999307015701447,
      "std": 0.00013458595781535475,
      "min": 0.9996615662855557,
      "max": 1.0
    }
  }
}