{
  "f1": 0.9523809523809523,
  "accuracy": 0.9545454545454546,
  "precision": 1.0,
  "recall": 0.9090909090909091,
  "auc": 1.0,
  "confusion_matrix": [
    [
      11,
      0
    ],
    [
      1,
      10
    ]
  ],
  "cv": {
    "accuracy": {
      "mean": 0.9180952380952381,
      "std": 0.07913363077272757,
      "min": 0.8,
      "max": 1.0
    },
    "f1": {
      "mean": 0.9003565062388592,
      "std": 0.1058055021583076,
      "min": 0.7272727272727273,
      "max": 1.0
    },
    "precision": {
      "mean": 0.9777777777777779,
      "std": 0.04444444444444447,
      "min": 0.8888888888888888,
      "max": 1.0
    },
    "recall": {
      "mean": 0.8571428571428571,
      "std": 0.18070158058105026,
      "min": 0.5714285714285714,
      "max": 1.0
    },
    "roc_auc": {
      "mean": 0.9698979591836734,
      "std": 0.037920212604208275,
      "min": 0.9107142857142857,
      "max": 1.0
    }
  }
}