{
  "attack": "Bot",
  "algorithm": "XGBoost",
  "threshold": 0.881102442741394,
  "f1": 0.9974489795913366,
  "precision": 0.9949109414758269,
  "recall": 1.0,
  "auc": 0.9981815922187846,
  "n_train_pos": 1953,
  "n_train_neg": 1953
}