{
  "attack": "DoS",
  "algorithm": "XGBoost",
  "threshold": 0.3065015971660614,
  "f1": 0.99979356436871,
  "precision": 0.9997161729796676,
  "recall": 0.9998709677419355,
  "auc": 0.9999954587304891,
  "n_train_pos": 193748,
  "n_train_neg": 193748
}