{
  "attack": "Port Scan",
  "algorithm": "RandomForest",
  "threshold": 0.245,
  "f1": 0.9995597380436362,
  "precision": 0.9991748267136099,
  "recall": 0.9999449460471261,
  "auc": 0.999805863892177,
  "n_train_pos": 90819,
  "n_train_neg": 90819
}