{
  "attack": "Web Attack",
  "algorithm": "XGBoost",
  "threshold": 0.9345879554748535,
  "f1": 0.9976744186041511,
  "precision": 0.9953596287703016,
  "recall": 1.0,
  "auc": 0.9985329355958726,
  "n_train_pos": 2143,
  "n_train_neg": 2143
}